1,google.com
2,amazonaws.com
3,microsoft.com
4,facebook.com
5,akamai.net
6,root-servers.net
7,apple.com
8,a-msedge.net
9,youtube.com
10,azure.com
11,googleapis.com
12,akamaiedge.net
13,twitter.com
14,cloudflare.com
15,instagram.com
16,gstatic.com
17,office.com
18,linkedin.com
19,live.com
20,tiktokcdn.com
21,gtld-servers.net
22,googletagmanager.com
23,googlevideo.com
24,akadns.net
25,windowsupdate.com
26,microsoftonline.com
27,doubleclick.net
28,amazon.com
29,fbcdn.net
30,googleusercontent.com
31,trafficmanager.net
32,wikipedia.org
33,bing.com
34,mail.ru
35,l-msedge.net
36,apple-dns.net
37,fastly.net
38,office.net
39,googlesyndication.com
40,icloud.com
41,wordpress.org
42,sharepoint.com
43,t-msedge.net
44,youtu.be
45,github.com
46,domaincontrol.com
47,aaplimg.com
48,netflix.com
49,whatsapp.net
50,pinterest.com
51,yahoo.com
52,digicert.com
53,s-msedge.net
54,appsflyersdk.com
55,cloudfront.net
56,adobe.com
57,goo.gl
58,windows.net
59,spotify.com
60,vimeo.com
61,gvt2.com
62,tiktokv.com
63,cdn77.org
64,skype.com
65,whatsapp.com
66,gvt1.com
67,google-analytics.com
68,yandex.net
69,bit.ly
70,msn.com
71,nic.ru
72,zoom.us
73,wac-msedge.net
74,gandi.net
75,ntp.org
76,wordpress.com
77,cloudflare.net
78,bytefcdn-oversea.com
79,office365.com
80,roblox.com
81,qq.com
82,edgekey.net
83,tiktok.com
84,ytimg.com
85,blogspot.com
86,cloudflare-dns.com
87,mozilla.org
88,opera.com
89,e2ro.com
90,reddit.com
91,unity3d.com
92,cdninstagram.com
93,googleadservices.com
94,baidu.com
95,googledomains.com
96,lencr.org
97,intuit.com
98,snapchat.com
99,x.com
100,comcast.net
101,europa.eu
102,ax-msedge.net
103,amazon-adsystem.com
104,a2z.com
105,samsung.com
106,bytefcdn-ttpeu.com
107,mts.ru
108,outlook.com
109,wa.me
110,t.me
111,dropbox.com
112,nih.gov
113,rocket-cdn.com
114,macromedia.com
115,app-analytics-services.com
116,gravatar.com
117,tumblr.com
118,vk.com
119,msedge.net
120,app-measurement.com
121,sentry.io
122,aiv-cdn.net
123,ui.com
124,userapi.com
125,github.io
126,dns.google
127,windows.com
128,edgesuite.net
129,spo-msedge.net
130,telecid.ru
131,nytimes.com
132,rbxcdn.com
133,tiktokcdn-eu.com
134,msftncsi.com
135,forms.gle
136,epicgames.com
137,ttlivecdn.com
138,one.one
139,apache.org
140,ggpht.com
141,xiaomi.com
142,paypal.com
143,adnxs.com
144,archive.org
145,flickr.com
146,b-msedge.net
147,applovin.com
148,nist.gov
149,criteo.com
150,dual-s-msedge.net
151,webex.com
152,pki.goog
153,dnsowl.com
154,mangosip.ru
155,registrar-servers.com
156,meraki.com
157,medium.com
158,forbes.com
159,miit.gov.cn
160,casalemedia.com
161,soundcloud.com
162,cnn.com
163,vtwenty.com
164,qlivecdn.com
165,aliyuncs.com
166,t.co
167,cdn-apple.com
168,miui.com
169,omtrdc.net
170,steamserver.net
171,tiktokcdn-us.com
172,shifen.com
173,azurewebsites.net
174,wildberries.ru
175,trbcdn.net
176,theguardian.com
177,taboola.com
178,amazon.dev
179,nginx.org
180,wsdvs.com
181,kaspersky.com
182,nflxso.net
183,gmail.com
184,android.com
185,adobe.io
186,w3.org
187,2mdn.net
188,myfritz.net
189,ebay.com
190,demdex.net
191,akamaized.net
192,doubleverify.com
193,yandex.ru
194,bbc.co.uk
195,nginx.com
196,adriver.ru
197,my.com
198,akamaihd.net
199,bbc.com
200,creativecommons.org
201,twitch.tv
202,edgecdn.ru
203,ozon.ru
204,sciencedirect.com
205,ivi.ru
206,cisco.com
207,jomodns.com
208,roku.com
209,amazonvideo.com
210,sourceforge.net
211,imdb.com
212,3gppnetwork.org
213,mit.edu
214,msftconnecttest.com
215,salesforce.com
216,health.mil
217,scorecardresearch.com
218,ubuntu.com
219,researchgate.net
220,shopify.com
221,b-cdn.net
222,dzeninfra.ru
223,nr-data.net
224,who.int
225,ring.com
226,youtube-nocookie.com
227,t-online.de
228,upcbroadband.com
229,hubspot.com
230,azureedge.net
231,facebook.net
232,cedexis.net
233,booking.com
234,rubiconproject.com
235,googleblog.com
236,launchdarkly.com
237,doi.org
238,canva.com
239,hp.com
240,go.com
241,byteoversea.net
242,slack.com
243,wixsite.com
244,wikimedia.org
245,linktr.ee
246,ampproject.org
247,businessinsider.com
248,tinyurl.com
249,salesforceliveagent.com
250,grammarly.com
251,issuu.com
252,example.com
253,taobao.com
254,smartadserver.com
255,openx.net
256,online.net
257,cdc.gov
258,oracle.com
259,cdngslb.com
260,discord.com
261,sharethrough.com
262,harvard.edu
263,appsflyer.com
264,weebly.com
265,drom.ru
266,mzstatic.com
267,mtgglobals.com
268,espn.com
269,3lift.com
270,opendns.com
271,o365filtering.com
272,godaddy.com
273,reuters.com
274,adsrvr.org
275,google.com.br
276,avast.com
277,reg.ru
278,stripe.com
279,media-amazon.com
280,rlcdn.com
281,alicdn.com
282,netangels.ru
283,moe.video
284,alibabadns.com
285,tiktokv.us
286,pubmatic.com
287,dailymail.co.uk
288,wiley.com
289,www.gov.uk
290,crashlytics.com
291,amazon.co.uk
292,washingtonpost.com
293,media.net
294,nease.net
295,slideshare.net
296,ttdns2.com
297,okcdn.ru
298,samsungqbe.com
299,appcenter.ms
300,ripn.net
301,steampowered.com
302,mozilla.com
303,dzen.ru
304,googletagservices.com
305,weibo.com
306,usatoday.com
307,bidswitch.net
308,1c.ru
309,openai.com
310,atomile.com
311,bloomberg.com
312,samsungcloud.com
313,azurefd.net
314,jsdelivr.net
315,telegraph.co.uk
316,nature.com
317,worldfcdn2.com
318,ibm.com
319,wbx2.com
320,adsafeprotected.com
321,playstation.net
322,wsj.com
323,criteo.net
324,telekom.net
325,f5.com
326,etsy.com
327,vungle.com
328,weather.com
329,pages.dev
330,quantserve.com
331,un.org
332,springer.com
333,shalltry.com
334,mi.com
335,pangle.io
336,lijit.com
337,samsungcloudsolution.com
338,dnsmadeeasy.com
339,static.microsoft
340,dotomi.com
341,douyincdn.com
342,wp.com
343,dailymotion.com
344,allawnos.com
345,google.de
346,zendesk.com
347,php.net
348,ea.com
349,ft.com
350,ksyuncdn.com
351,notamedia.ru
352,inmobi.com
353,liadm.com
354,adform.net
355,sc-cdn.net
356,list-manage.com
357,cmediahub.ru
358,clarity.ms
359,ibyteimg.com
360,mcafee.com
361,creativecdn.com
362,pixabay.com
363,id5-sync.com
364,nasa.gov
365,outbrain.com
366,autodesk.com
367,yximgs.com
368,stackoverflow.com
369,stanford.edu
370,gosuslugi.ru
371,independent.co.uk
372,discord.gg
373,gnu.org
374,cnbc.com
375,eset.com
376,unsplash.com
377,quora.com
378,elasticbeanstalk.com
379,cpanel.net
380,sohu.com
381,chatgpt.com
382,checkpoint.com
383,eventbrite.com
384,consultant.ru
385,inner-active.mobi
386,indeed.com
387,forter.com
388,pv-cdn.net
389,tripadvisor.com
390,force.com
391,globo.com
392,google.co.uk
393,mynetname.net
394,tp-link.com
395,ok.ru
396,t-mobile.com
397,comfortel.pro
398,aliexpress.com
399,att.net
400,npr.org
401,heytapdl.com
402,xboxlive.com
403,amazonalexa.com
404,arubanetworks.com
405,cdn20.com
406,rambler.ru
407,statista.com
408,kaspersky-labs.com
409,giphy.com
410,dell.com
411,yahoo.co.jp
412,goodreads.com
413,myshopify.com
414,isnssdk.com
415,aol.com
416,hichina.com
417,nstld.com
418,bilibili.com
419,duckduckgo.com
420,xcal.tv
421,foxnews.com
422,amazon.de
423,indexww.com
424,avcdn.net
425,sfx.ms
426,name-services.com
427,sc-gw.com
428,g.page
429,walmart.com
430,elisa.fi
431,capcutapi.com
432,aliyun.com
433,nvidia.com
434,telegram.org
435,rzone.de
436,cloud.microsoft
437,xserver.jp
438,addtoany.com
439,byteoversea.com
440,time.com
441,teamviewer.com
442,firetvcaptiveportal.com
443,gamepass.com
444,naver.com
445,tradingview.com
446,blogger.com
447,sophos.com
448,alibaba.com
449,wired.com
450,dns-parking.com
451,verisign.com
452,wix.com
453,adobe.net
454,ttvnw.net
455,entrust.net
456,hicloud.com
457,amzn.to
458,imgsmail.ru
459,mikrotik.com
460,debian.org
461,temu.com
462,telegram.me
463,ngenix.net
464,speedtest.net
465,uber.com
466,kwai.net
467,launchpad.net
468,mayoclinic.org
469,vedcdnlb.com
470,beian.gov.cn
471,cnet.com
472,online-metrix.net
473,behance.net
474,surveymonkey.com
475,scribd.com
476,huawei.com
477,ctdns.cn
478,trustpilot.com
479,vkuser.net
480,duolingo.com
481,ovscdns.com
482,mediatek.com
483,kahoot.it
484,ys7.com
485,safebrowsing.apple
486,braze.com
487,phicdn.net
488,imcmdb.net
489,ups.com
490,trendmicro.com
491,delfi.lt
492,chinamobile.com
493,digitalocean.com
494,duckdns.org
495,netease.com
496,indiatimes.com
497,ted.com
498,onlinepbx.ru
499,google.com.hk
500,squarespace.com